char_ngram_range,char_max_features,char_min_df,word_ngram_range,word_max_features,word_min_df,word_max_df,loss,alpha,penalty,max_iter,tol,class_weight,val_macro_f1,val_micro_f1,val_subset_acc,seconds
"(3, 5)",100000,0.0001,"(1, 4)",100000,0.0001,0.6,modified_huber,0.0001,l2,8000,0.0001,balanced,0.7670723295380802,0.8364103916655677,0.6244771013140502,472.3
"(3, 5)",100000,0.0001,"(1, 4)",100000,0.0001,0.6,modified_huber,0.0001,l2,8000,1e-05,balanced,0.7670670200470423,0.8362898708975982,0.6242438379597232,502.4
"(3, 5)",100000,0.0001,"(1, 4)",100000,0.0001,0.4,modified_huber,0.0001,l2,8000,0.0001,balanced,0.7664895635282111,0.8364891853191649,0.624834771790685,465.17
"(3, 5)",100000,0.0005,"(1, 4)",100000,0.0001,0.6,modified_huber,0.0001,l2,8000,0.0001,balanced,0.7662048697346383,0.8359187055406213,0.6238239639219345,475.6
"(3, 5)",100000,0.0001,"(1, 4)",100000,0.0001,0.4,modified_huber,0.0001,l2,8000,1e-05,balanced,0.7660564386442594,0.8363008250615384,0.6243215924111656,502.6
"(3, 5)",100000,0.0005,"(1, 4)",100000,0.0001,0.4,modified_huber,0.0001,l2,8000,0.0001,balanced,0.7654055323197997,0.8359688725478658,0.6240261254956846,470.96
"(3, 5)",100000,0.0005,"(1, 4)",100000,0.0001,0.4,modified_huber,0.0001,l2,8000,1e-05,balanced,0.7652938447126107,0.8358312869871197,0.6236529041287614,508.36
"(3, 5)",100000,0.0005,"(1, 4)",100000,0.0001,0.6,modified_huber,0.0001,l2,8000,1e-05,balanced,0.7649756930618921,0.8357228870324377,0.6233263354327035,509.48
"(3, 5)",100000,0.0001,"(1, 4)",100000,0.0005,0.6,modified_huber,0.0001,l2,8000,0.0001,balanced,0.7587005544131499,0.832425790172269,0.6170437757561621,464.24
"(3, 5)",100000,0.0001,"(1, 4)",100000,0.0005,0.6,modified_huber,0.0001,l2,8000,1e-05,balanced,0.7582717616908461,0.8319560002998276,0.6152243215924111,497.09
"(3, 5)",100000,0.0001,"(1, 4)",100000,0.0005,0.4,modified_huber,0.0001,l2,8000,0.0001,balanced,0.7578219490421562,0.832382846208682,0.6168571650727004,458.6
"(3, 5)",100000,0.0001,"(1, 4)",100000,0.0005,0.4,modified_huber,0.0001,l2,8000,1e-05,balanced,0.7577844637565847,0.8321984093880784,0.6159552134359693,490.0
"(3, 5)",100000,0.0005,"(1, 4)",100000,0.0005,0.6,modified_huber,0.0001,l2,8000,0.0001,balanced,0.7577564789041072,0.8318706047819971,0.6160796205582769,469.01
"(3, 5)",100000,0.0005,"(1, 4)",100000,0.0005,0.4,modified_huber,0.0001,l2,8000,0.0001,balanced,0.7577502506592707,0.8318232313526233,0.6157686027525076,486.65
"(3, 5)",100000,0.0005,"(1, 4)",100000,0.0005,0.4,modified_huber,0.0001,l2,8000,1e-05,balanced,0.7572626710642236,0.8313327465777794,0.614089106601353,514.79
"(3, 5)",100000,0.0005,"(1, 4)",100000,0.0005,0.6,modified_huber,0.0001,l2,8000,1e-05,balanced,0.7566527823100139,0.8313693544384987,0.6139802503693337,504.32
"(4, 7)",100000,0.0001,"(1, 4)",100000,0.0001,0.4,modified_huber,0.0001,l2,8000,1e-05,balanced,0.7463160198242398,0.8197352497278203,0.5941528652515357,1917.96
"(4, 7)",100000,0.0001,"(1, 4)",100000,0.0001,0.6,modified_huber,0.0001,l2,8000,0.0001,balanced,0.7462645280317647,0.8194832239207374,0.5932664645050929,698.69
"(4, 7)",100000,0.0005,"(1, 4)",100000,0.0001,0.4,modified_huber,0.0001,l2,8000,1e-05,balanced,0.7462215832201667,0.8198104743747897,0.5942772723738434,909.01
"(4, 7)",100000,0.0001,"(1, 4)",100000,0.0001,0.6,modified_huber,0.0001,l2,8000,1e-05,balanced,0.7461998373720077,0.8198473924481223,0.5945571883990358,998.49
"(4, 7)",100000,0.0001,"(1, 4)",100000,0.0001,0.4,modified_huber,0.0001,l2,8000,0.0001,balanced,0.7461909064630418,0.8194209029655259,0.5928932431381697,1976.77
"(4, 7)",100000,0.0005,"(1, 4)",100000,0.0001,0.6,modified_huber,0.0001,l2,8000,1e-05,balanced,0.7461887972939669,0.8197283520303513,0.5942928232641319,1235.37
"(4, 7)",100000,0.0005,"(1, 4)",100000,0.0001,0.6,modified_huber,0.0001,l2,8000,0.0001,balanced,0.7456462715378467,0.8192363889290866,0.5927688360158619,1303.53
"(4, 7)",100000,0.0005,"(1, 4)",100000,0.0001,0.4,modified_huber,0.0001,l2,8000,0.0001,balanced,0.7455420254730997,0.8193298692325289,0.5927221833449965,787.96
"(4, 7)",100000,0.0005,"(1, 4)",100000,0.0005,0.6,modified_huber,0.0001,l2,8000,0.0001,balanced,0.738436800101157,0.8140469937481116,0.5838737267708576,684.23
"(4, 7)",100000,0.0001,"(1, 4)",100000,0.0005,0.4,modified_huber,0.0001,l2,8000,1e-05,balanced,0.7381709139231575,0.8139752115660769,0.5835627089650882,615.09
"(4, 7)",100000,0.0005,"(1, 4)",100000,0.0005,0.6,modified_huber,0.0001,l2,8000,1e-05,balanced,0.7381665813484589,0.8140024443401443,0.5835938107456652,762.91
"(4, 7)",100000,0.0001,"(1, 4)",100000,0.0005,0.4,modified_huber,0.0001,l2,8000,0.0001,balanced,0.7380974473431112,0.8139358700855654,0.5837026669776845,582.8
"(4, 7)",100000,0.0005,"(1, 4)",100000,0.0005,0.4,modified_huber,0.0001,l2,8000,1e-05,balanced,0.7379109272732903,0.8140353160456069,0.583920379441723,534.09
"(4, 7)",100000,0.0005,"(1, 4)",100000,0.0005,0.4,modified_huber,0.0001,l2,8000,0.0001,balanced,0.7378443315244262,0.8139505696529091,0.5839048285514346,508.99
"(4, 7)",100000,0.0001,"(1, 4)",100000,0.0005,0.6,modified_huber,0.0001,l2,8000,1e-05,balanced,0.7369407723537362,0.8140653538879103,0.583687116087396,1072.53
"(4, 7)",100000,0.0001,"(1, 4)",100000,0.0005,0.6,modified_huber,0.0001,l2,8000,0.0001,balanced,0.7368902496690288,0.8140562902363632,0.5838426249902807,926.48
"(3, 5)",100000,0.0001,"(1, 4)",100000,0.0001,0.6,hinge,0.0001,l2,8000,1e-05,balanced,0.7326614625753244,0.8003382522395271,0.5602363735323848,520.67
"(3, 5)",100000,0.0001,"(1, 4)",100000,0.0001,0.6,hinge,0.0001,l2,8000,0.0001,balanced,0.7306361194252107,0.7996993192922867,0.5584169193686338,455.06
"(3, 5)",100000,0.0005,"(1, 4)",100000,0.0001,0.6,hinge,0.0001,l2,8000,1e-05,balanced,0.7304555378913206,0.7997641279466595,0.5593966254568074,496.89
"(3, 5)",100000,0.0005,"(1, 4)",100000,0.0001,0.6,hinge,0.0001,l2,8000,0.0001,balanced,0.7303956531690775,0.7997065297138665,0.5593655236762305,458.11
"(3, 5)",100000,0.0001,"(1, 4)",100000,0.0001,0.4,hinge,0.0001,l2,8000,1e-05,balanced,0.7303408537481494,0.7998718377354285,0.5592411165539227,499.16
"(3, 5)",100000,0.0001,"(1, 4)",100000,0.0001,0.4,hinge,0.0001,l2,8000,0.0001,balanced,0.7299474637088101,0.799747479436285,0.5587901407355571,460.72
"(3, 5)",100000,0.0001,"(1, 4)",100000,0.0005,0.6,hinge,0.0001,l2,8000,1e-05,balanced,0.7289537296640037,0.798382984247077,0.5571261954746909,506.15
"(3, 5)",100000,0.0001,"(1, 4)",100000,0.0005,0.6,hinge,0.0001,l2,8000,0.0001,balanced,0.7285561955523897,0.7981874959459585,0.5566441178757484,451.65
"(3, 5)",100000,0.0005,"(1, 4)",100000,0.0001,0.4,hinge,0.0001,l2,8000,1e-05,balanced,0.7283776914047295,0.7995394165633604,0.5591011585413265,505.15
"(3, 5)",100000,0.0005,"(1, 4)",100000,0.0001,0.4,hinge,0.0001,l2,8000,0.0001,balanced,0.727235011920917,0.7991688465891171,0.5582769613560377,451.28
"(3, 5)",100000,0.0005,"(1, 4)",100000,0.0005,0.4,hinge,0.0001,l2,8000,0.0001,balanced,0.7266816608898282,0.797760146729842,0.5566285669854599,451.44
"(3, 5)",100000,0.0005,"(1, 4)",100000,0.0005,0.4,hinge,0.0001,l2,8000,1e-05,balanced,0.7265221646848602,0.7978112707509973,0.5567374232174792,517.48
"(3, 5)",100000,0.0005,"(1, 4)",100000,0.0005,0.6,hinge,0.0001,l2,8000,1e-05,balanced,0.7246091708174615,0.7970973579107641,0.5547935619314206,496.93
"(3, 5)",100000,0.0005,"(1, 4)",100000,0.0005,0.6,hinge,0.0001,l2,8000,0.0001,balanced,0.7245109504240635,0.7969968636376252,0.554575849467382,448.63
"(3, 5)",100000,0.0001,"(1, 4)",100000,0.0005,0.4,hinge,0.0001,l2,8000,1e-05,balanced,0.7243679255937145,0.7974940847992072,0.5563019982894021,479.82
"(3, 5)",100000,0.0001,"(1, 4)",100000,0.0005,0.4,hinge,0.0001,l2,8000,0.0001,balanced,0.7241498883031089,0.7973746088759697,0.5559909804836327,435.43
"(4, 7)",100000,0.0001,"(1, 4)",100000,0.0001,0.4,hinge,0.0001,l2,8000,1e-05,balanced,0.715001183443445,0.7862892803072264,0.5354327035222767,1399.08
"(4, 7)",100000,0.0001,"(1, 4)",100000,0.0001,0.4,hinge,0.0001,l2,8000,0.0001,balanced,0.7147390417946404,0.7861794767720748,0.534748464349584,883.04
"(4, 7)",100000,0.0005,"(1, 4)",100000,0.0001,0.4,hinge,0.0001,l2,8000,1e-05,balanced,0.7143292137951373,0.7862238917551939,0.5352927455096804,874.55
"(4, 7)",100000,0.0005,"(1, 4)",100000,0.0001,0.4,hinge,0.0001,l2,8000,0.0001,balanced,0.7137700740210385,0.7860678615090074,0.5348884223621803,1198.8
"(4, 7)",100000,0.0001,"(1, 4)",100000,0.0001,0.6,hinge,0.0001,l2,8000,0.0001,balanced,0.7128624360779975,0.7855605385299662,0.533955368944872,561.35
"(4, 7)",100000,0.0001,"(1, 4)",100000,0.0001,0.6,hinge,0.0001,l2,8000,1e-05,balanced,0.7127935797369268,0.7855074602091441,0.533986470725449,625.15
"(4, 7)",100000,0.0005,"(1, 4)",100000,0.0001,0.6,hinge,0.0001,l2,8000,1e-05,balanced,0.7120195293687436,0.7855015536684093,0.5342663867506414,822.89
"(4, 7)",100000,0.0005,"(1, 4)",100000,0.0001,0.6,hinge,0.0001,l2,8000,0.0001,balanced,0.7119373667514225,0.7854355108491805,0.5339242671642952,797.98
"(4, 7)",100000,0.0001,"(1, 4)",100000,0.0005,0.6,hinge,0.0001,l2,8000,1e-05,balanced,0.7119060166648209,0.7849300937609373,0.5334421895653526,1170.77
"(4, 7)",100000,0.0005,"(1, 4)",100000,0.0005,0.6,hinge,0.0001,l2,8000,0.0001,balanced,0.7113292080971458,0.7845490481208612,0.5322447710131405,482.67
"(4, 7)",100000,0.0005,"(1, 4)",100000,0.0005,0.6,hinge,0.0001,l2,8000,1e-05,balanced,0.7113189515805473,0.7847096575187953,0.5328668066246792,543.51
"(4, 7)",100000,0.0005,"(1, 4)",100000,0.0005,0.4,hinge,0.0001,l2,8000,1e-05,balanced,0.7111727250638942,0.7847253875513934,0.5332866806624679,538.59
"(4, 7)",100000,0.0005,"(1, 4)",100000,0.0005,0.4,hinge,0.0001,l2,8000,0.0001,balanced,0.7109937960629035,0.7845987434121194,0.532991213746987,481.28
"(4, 7)",100000,0.0001,"(1, 4)",100000,0.0005,0.6,hinge,0.0001,l2,8000,0.0001,balanced,0.7106029089604178,0.7842194310094341,0.53123396314439,577.1
"(4, 7)",100000,0.0001,"(1, 4)",100000,0.0005,0.4,hinge,0.0001,l2,8000,1e-05,balanced,0.7105801982871901,0.7844882741478907,0.5325402379286214,628.48
"(4, 7)",100000,0.0001,"(1, 4)",100000,0.0005,0.4,hinge,0.0001,l2,8000,0.0001,balanced,0.7103175934993072,0.7843575624588859,0.531731591633621,779.07
"(3, 5)",100000,0.0001,"(1, 4)",100000,0.0005,0.6,modified_huber,0.001,l2,8000,0.0001,balanced,0.684556704261006,0.75995788655578,0.4989658657958168,430.47
"(3, 5)",100000,0.0001,"(1, 4)",100000,0.0005,0.4,modified_huber,0.001,l2,8000,0.0001,balanced,0.684549997074968,0.7599701742097296,0.498872560454086,436.05
"(3, 5)",100000,0.0001,"(1, 4)",100000,0.0005,0.4,modified_huber,0.001,l2,8000,1e-05,balanced,0.6845263706142265,0.759730319218594,0.49804836326879715,461.94
"(3, 5)",100000,0.0001,"(1, 4)",100000,0.0005,0.6,modified_huber,0.001,l2,8000,1e-05,balanced,0.6844372940124992,0.7596400854187642,0.497877303475624,449.97
"(3, 5)",100000,0.0005,"(1, 4)",100000,0.0005,0.4,modified_huber,0.001,l2,8000,0.0001,balanced,0.6843735748634444,0.7598948167425721,0.4990436202472592,443.14
"(3, 5)",100000,0.0005,"(1, 4)",100000,0.0005,0.4,modified_huber,0.001,l2,8000,1e-05,balanced,0.6843048304890181,0.7595799624386016,0.49811056682995103,460.35
"(3, 5)",100000,0.0005,"(1, 4)",100000,0.0005,0.6,modified_huber,0.001,l2,8000,0.0001,balanced,0.6842565668828033,0.7598435156574691,0.4988103568929321,436.09
"(3, 5)",100000,0.0005,"(1, 4)",100000,0.0005,0.6,modified_huber,0.001,l2,8000,1e-05,balanced,0.6841806407910337,0.759540175931902,0.4976284892310085,451.64
"(3, 5)",100000,0.0001,"(1, 4)",100000,0.0001,0.4,modified_huber,0.001,l2,8000,0.0001,balanced,0.683880550558367,0.7605086365839626,0.4990280693569707,433.23
"(3, 5)",100000,0.0005,"(1, 4)",100000,0.0001,0.4,modified_huber,0.001,l2,8000,0.0001,balanced,0.6838428673621387,0.7605109389862753,0.49929243449187466,434.5
"(3, 5)",100000,0.0001,"(1, 4)",100000,0.0001,0.6,modified_huber,0.001,l2,8000,0.0001,balanced,0.683763434761794,0.7604745946925098,0.49874815333177824,430.62
"(3, 5)",100000,0.0005,"(1, 4)",100000,0.0001,0.4,modified_huber,0.001,l2,8000,1e-05,balanced,0.683703217628013,0.7603233143343875,0.49954124873649014,454.31
"(3, 5)",100000,0.0001,"(1, 4)",100000,0.0001,0.4,modified_huber,0.001,l2,8000,1e-05,balanced,0.683690257520778,0.760331702011963,0.4991680273695669,453.85
"(3, 5)",100000,0.0005,"(1, 4)",100000,0.0001,0.6,modified_huber,0.001,l2,8000,0.0001,balanced,0.6836878441499588,0.7605283056457346,0.4990125184666822,430.79
"(3, 5)",100000,0.0001,"(1, 4)",100000,0.0001,0.6,modified_huber,0.001,l2,8000,1e-05,balanced,0.6836532364801023,0.7603743838793853,0.4990125184666822,454.73
"(3, 5)",100000,0.0005,"(1, 4)",100000,0.0001,0.6,modified_huber,0.001,l2,8000,1e-05,balanced,0.6836212102743061,0.7603400870601131,0.4991835782598554,452.16
"(4, 7)",100000,0.0001,"(1, 4)",100000,0.0005,0.4,modified_huber,0.001,l2,8000,0.0001,balanced,0.6735486608917163,0.7500853410948813,0.4809579348417697,537.96
"(4, 7)",100000,0.0001,"(1, 4)",100000,0.0005,0.4,modified_huber,0.001,l2,8000,1e-05,balanced,0.6734626589052287,0.7500842442949763,0.4813467070989814,549.55
"(4, 7)",100000,0.0005,"(1, 4)",100000,0.0005,0.4,modified_huber,0.001,l2,8000,0.0001,balanced,0.6734423326050418,0.7500044909910719,0.4808490786097504,467.65
"(4, 7)",100000,0.0005,"(1, 4)",100000,0.0005,0.4,modified_huber,0.001,l2,8000,1e-05,balanced,0.6734418875828116,0.7500359401955147,0.48117564730580825,476.57
"(4, 7)",100000,0.0001,"(1, 4)",100000,0.0005,0.6,modified_huber,0.001,l2,8000,0.0001,balanced,0.6733969521722618,0.7500729730336574,0.4809423839514812,1332.56
"(4, 7)",100000,0.0001,"(1, 4)",100000,0.0005,0.6,modified_huber,0.001,l2,8000,1e-05,balanced,0.6733461514104816,0.7500123544977111,0.48119119819609674,1066.86
"(4, 7)",100000,0.0005,"(1, 4)",100000,0.0005,0.6,modified_huber,0.001,l2,8000,0.0001,balanced,0.6733360284981891,0.7499685698378203,0.48061581525542335,692.01
"(4, 7)",100000,0.0005,"(1, 4)",100000,0.0005,0.6,modified_huber,0.001,l2,8000,1e-05,balanced,0.6733000834378462,0.749956203592653,0.4808957312806158,1089.54
"(4, 7)",100000,0.0001,"(1, 4)",100000,0.0001,0.4,modified_huber,0.001,l2,8000,1e-05,balanced,0.6725659900817011,0.7501136767797731,0.48041365368167327,878.84
"(4, 7)",100000,0.0001,"(1, 4)",100000,0.0001,0.4,modified_huber,0.001,l2,8000,0.0001,balanced,0.6725627146810234,0.7502115021150212,0.48027369566907707,1202.31
"(4, 7)",100000,0.0005,"(1, 4)",100000,0.0001,0.6,modified_huber,0.001,l2,8000,0.0001,balanced,0.6724750620650566,0.7502689563592987,0.48046030635253867,1094.91
"(4, 7)",100000,0.0005,"(1, 4)",100000,0.0001,0.4,modified_huber,0.001,l2,8000,0.0001,balanced,0.6724732507078658,0.7501597386585552,0.4801492885467693,733.82
"(4, 7)",100000,0.0001,"(1, 4)",100000,0.0001,0.6,modified_huber,0.001,l2,8000,0.0001,balanced,0.6724685007840643,0.750221694057699,0.4805536116942695,630.77
"(4, 7)",100000,0.0005,"(1, 4)",100000,0.0001,0.4,modified_huber,0.001,l2,8000,1e-05,balanced,0.672445070864751,0.750052894809106,0.4802425938885001,823.53
"(4, 7)",100000,0.0001,"(1, 4)",100000,0.0001,0.6,modified_huber,0.001,l2,8000,1e-05,balanced,0.6724250598057839,0.7499797463340865,0.4801181867661924,652.93
"(4, 7)",100000,0.0005,"(1, 4)",100000,0.0001,0.6,modified_huber,0.001,l2,8000,1e-05,balanced,0.6723818785340558,0.7499414930961853,0.48002488142446154,1128.02
"(3, 5)",100000,0.0001,"(1, 4)",100000,0.0005,0.6,hinge,0.001,l2,8000,0.0001,balanced,0.6513692809808352,0.7038755212187946,0.43606251457895967,439.86
"(3, 5)",100000,0.0001,"(1, 4)",100000,0.0005,0.4,hinge,0.001,l2,8000,1e-05,balanced,0.651249524262608,0.7038276539529842,0.43687116087396005,443.77
"(3, 5)",100000,0.0001,"(1, 4)",100000,0.0005,0.4,hinge,0.001,l2,8000,0.0001,balanced,0.6512145272955122,0.7037622367517972,0.4364979395070368,431.1
"(3, 5)",100000,0.0001,"(1, 4)",100000,0.0005,0.6,hinge,0.001,l2,8000,1e-05,balanced,0.6510335536385469,0.704016541088624,0.43646683772645983,462.87
"(3, 5)",100000,0.0005,"(1, 4)",100000,0.0005,0.6,hinge,0.001,l2,8000,0.0001,balanced,0.650966288673833,0.7041061276058117,0.43615581992069047,433.64
"(3, 5)",100000,0.0005,"(1, 4)",100000,0.0005,0.6,hinge,0.001,l2,8000,1e-05,balanced,0.6509487116727423,0.7040448393662198,0.43646683772645983,463.32
"(3, 5)",100000,0.0005,"(1, 4)",100000,0.0005,0.4,hinge,0.001,l2,8000,1e-05,balanced,0.6508961587155703,0.704172162694469,0.437135526008864,472.39
"(3, 5)",100000,0.0005,"(1, 4)",100000,0.0005,0.4,hinge,0.001,l2,8000,0.0001,balanced,0.6508593527889854,0.7040489157431743,0.4367312028613638,445.26
"(3, 5)",100000,0.0001,"(1, 4)",100000,0.0001,0.6,hinge,0.001,l2,8000,0.0001,balanced,0.6473022198911759,0.7009031839149393,0.4288935541559754,436.84
"(3, 5)",100000,0.0005,"(1, 4)",100000,0.0001,0.4,hinge,0.001,l2,8000,0.0001,balanced,0.6471998074352502,0.7010048891374552,0.4296710986703989,431.92
"(3, 5)",100000,0.0001,"(1, 4)",100000,0.0001,0.4,hinge,0.001,l2,8000,0.0001,balanced,0.6471561489923833,0.7006069022734036,0.42932897908405254,429.24
"(3, 5)",100000,0.0005,"(1, 4)",100000,0.0001,0.6,hinge,0.001,l2,8000,1e-05,balanced,0.6467717049970352,0.7013361963965102,0.42987326024414896,463.19
"(3, 5)",100000,0.0005,"(1, 4)",100000,0.0001,0.4,hinge,0.001,l2,8000,1e-05,balanced,0.6467576115465241,0.7010347409539103,0.4298110566829951,465.2
"(3, 5)",100000,0.0001,"(1, 4)",100000,0.0001,0.4,hinge,0.001,l2,8000,1e-05,balanced,0.646747813985556,0.7008491476939459,0.4297644040121297,457.23
"(3, 5)",100000,0.0005,"(1, 4)",100000,0.0001,0.6,hinge,0.001,l2,8000,0.0001,balanced,0.6466630958723618,0.7011713994571344,0.42909571572972555,431.65
"(3, 5)",100000,0.0001,"(1, 4)",100000,0.0001,0.6,hinge,0.001,l2,8000,1e-05,balanced,0.6465850013095272,0.7007835676221563,0.42884690148511,461.02
"(4, 7)",100000,0.0001,"(1, 4)",100000,0.0005,0.4,hinge,0.001,l2,8000,0.0001,balanced,0.6427868341487225,0.6996987788820548,0.4313816966021305,736.44
"(4, 7)",100000,0.0001,"(1, 4)",100000,0.0005,0.6,hinge,0.001,l2,8000,0.0001,balanced,0.6426586744904802,0.6997093481738503,0.4304641940751108,1236.86
"(4, 7)",100000,0.0005,"(1, 4)",100000,0.0005,0.4,hinge,0.001,l2,8000,0.0001,balanced,0.6424881704372968,0.6997551285462392,0.4310706787963611,460.14
"(4, 7)",100000,0.0005,"(1, 4)",100000,0.0005,0.4,hinge,0.001,l2,8000,1e-05,balanced,0.6424629912036184,0.6996965173905005,0.43099292434491876,477.67
"(4, 7)",100000,0.0001,"(1, 4)",100000,0.0005,0.4,hinge,0.001,l2,8000,1e-05,balanced,0.6424263852056452,0.6996802662493743,0.4311173314672265,647.36
"(4, 7)",100000,0.0001,"(1, 4)",100000,0.0005,0.6,hinge,0.001,l2,8000,1e-05,balanced,0.6423298991995701,0.6995741612779668,0.4304175414042454,1006.78
"(4, 7)",100000,0.0005,"(1, 4)",100000,0.0005,0.6,hinge,0.001,l2,8000,0.0001,balanced,0.6423024776786238,0.6995293958703924,0.4301220744887645,461.29
"(4, 7)",100000,0.0005,"(1, 4)",100000,0.0005,0.6,hinge,0.001,l2,8000,1e-05,balanced,0.6422456116878626,0.6994485791000666,0.4303242360625146,476.73
"(4, 7)",100000,0.0005,"(1, 4)",100000,0.0001,0.4,hinge,0.001,l2,8000,0.0001,balanced,0.6376160768078641,0.6960251309654539,0.42317082652981886,816.21
"(4, 7)",100000,0.0001,"(1, 4)",100000,0.0001,0.4,hinge,0.001,l2,8000,0.0001,balanced,0.6376034206882404,0.6963165738418662,0.42327968276183814,1191.63
"(4, 7)",100000,0.0005,"(1, 4)",100000,0.0001,0.4,hinge,0.001,l2,8000,1e-05,balanced,0.6375354209285281,0.6961515956249719,0.4231863774201073,800.36
"(4, 7)",100000,0.0005,"(1, 4)",100000,0.0001,0.6,hinge,0.001,l2,8000,1e-05,balanced,0.637519940041441,0.6958816890515609,0.4221289168804914,924.1
"(4, 7)",100000,0.0001,"(1, 4)",100000,0.0001,0.4,hinge,0.001,l2,8000,1e-05,balanced,0.6374689725588111,0.696266751898586,0.42321747920068425,1266.85
"(4, 7)",100000,0.0001,"(1, 4)",100000,0.0001,0.6,hinge,0.001,l2,8000,1e-05,balanced,0.6374206191940636,0.6961688805322274,0.4221755695513568,697.34
"(4, 7)",100000,0.0005,"(1, 4)",100000,0.0001,0.6,hinge,0.001,l2,8000,0.0001,balanced,0.637117532104495,0.6959313619684869,0.4222222222222222,730.63
"(4, 7)",100000,0.0001,"(1, 4)",100000,0.0001,0.6,hinge,0.001,l2,8000,0.0001,balanced,0.6369299550881461,0.6958281248594836,0.4221755695513568,644.09
